id,page_views,user_group
1,19470,Group1
2,17568,Group1
3,13197,Group1
4,11319,Group1
5,8820,Group1
6,8768,Group1
7,8294,Group1
8,8073,Group1
9,7962,Group1
10,7938,Group1
11,7851,Group1
12,7121,Group1
13,6868,Group1
14,6620,Group1
15,6507,Group1
16,6291,Group1
17,6274,Group1
18,6193,Group1
19,5935,Group1
20,5859,Group1
21,5786,Group1
22,5761,Group1
23,5672,Group1
24,5636,Group1
25,5619,Group1
26,5536,Group1
27,5305,Group1
28,5248,Group1
29,5225,Group1
30,5130,Group1
31,5125,Group1
32,4994,Group1
33,4954,Group1
34,4932,Group1
35,4751,Group1
36,4632,Group1
37,4573,Group1
38,4506,Group1
39,4432,Group1
40,4428,Group1
41,4347,Group1
42,4332,Group1
43,4288,Group1
44,4287,Group1
45,4285,Group1
46,4254,Group1
47,4199,Group1
48,4184,Group1
49,4175,Group1
50,4168,Group1
51,3996,Group1
52,3920,Group1
53,3832,Group1
54,3819,Group1
55,3818,Group1
56,3748,Group1
57,3745,Group1
58,3740,Group1
59,3709,Group1
60,3603,Group1
61,3549,Group1
62,3482,Group1
63,3466,Group1
64,3466,Group1
65,3409,Group1
66,3397,Group1
67,3391,Group1
68,3366,Group1
69,3257,Group1
70,3239,Group1
71,3195,Group1
72,3160,Group1
73,3150,Group1
74,3129,Group1
75,3129,Group1
76,3122,Group1
77,3107,Group1
78,3069,Group1
79,2971,Group1
80,2939,Group1
81,2923,Group1
82,2903,Group1
83,2894,Group1
84,2863,Group1
85,2798,Group1
86,2797,Group1
87,2773,Group1
88,2763,Group1
89,2763,Group1
90,2745,Group1
91,2724,Group1
92,2714,Group1
93,2713,Group1
94,2691,Group1
95,2690,Group1
96,2690,Group1
97,2686,Group1
98,2683,Group1
99,2667,Group1
100,2649,Group1
101,2641,Group1
102,2611,Group1
103,2521,Group1
104,2507,Group1
105,2494,Group1
106,2469,Group1
107,2461,Group1
108,2417,Group1
109,2410,Group1
110,2400,Group1
111,2396,Group1
112,2387,Group1
113,2386,Group1
114,2371,Group1
115,2369,Group1
116,2331,Group1
117,2287,Group1
118,2264,Group1
119,2258,Group1
120,2239,Group1
121,2233,Group1
122,2229,Group1
123,2227,Group1
124,2221,Group1
125,2206,Group1
126,2205,Group1
127,2198,Group1
128,2191,Group1
129,2130,Group1
130,2118,Group1
131,2112,Group1
132,2107,Group1
133,2089,Group1
134,2083,Group1
135,2057,Group1
136,2040,Group1
137,2036,Group1
138,2035,Group1
139,2031,Group1
140,2025,Group1
141,1978,Group1
142,1878,Group1
143,1871,Group1
144,1859,Group1
145,1858,Group1
146,1854,Group1
147,1840,Group1
148,1830,Group1
149,1828,Group1
150,1822,Group1
151,1805,Group1
152,1799,Group1
153,1796,Group1
154,1771,Group1
155,1768,Group1
156,1768,Group1
157,1761,Group1
158,1749,Group1
159,1731,Group1
160,1729,Group1
161,1694,Group1
162,1692,Group1
163,1690,Group1
164,1661,Group1
165,1654,Group1
166,1653,Group1
167,1650,Group1
168,1645,Group1
169,1640,Group1
170,1639,Group1
171,1634,Group1
172,1621,Group1
173,1621,Group1
174,1600,Group1
175,1586,Group1
176,1583,Group1
177,1580,Group1
178,1578,Group1
179,1539,Group1
180,1532,Group1
181,1527,Group1
182,1518,Group1
183,1516,Group1
184,1505,Group1
185,1505,Group1
186,1497,Group1
187,1484,Group1
188,1474,Group1
189,1470,Group1
190,1469,Group1
191,1456,Group1
192,1446,Group1
193,1443,Group1
194,1438,Group1
195,1436,Group1
196,1431,Group1
197,1430,Group1
198,1430,Group1
199,1427,Group1
200,1423,Group1
201,1417,Group1
202,1402,Group1
203,1401,Group1
204,1400,Group1
205,1392,Group1
206,1390,Group1
207,1381,Group1
208,1381,Group1
209,1378,Group1
210,1374,Group1
211,1373,Group1
212,1372,Group1
213,1372,Group1
214,1370,Group1
215,1366,Group1
216,1345,Group1
217,1345,Group1
218,1340,Group1
219,1338,Group1
220,1335,Group1
221,1333,Group1
222,1329,Group1
223,1314,Group1
224,1310,Group1
225,1309,Group1
226,1306,Group1
227,1304,Group1
228,1303,Group1
229,1293,Group1
230,1290,Group1
231,1283,Group1
232,1265,Group1
233,1260,Group1
234,1227,Group1
235,1224,Group1
236,1222,Group1
237,1211,Group1
238,1211,Group1
239,1208,Group1
240,1198,Group1
241,1195,Group1
242,1188,Group1
243,1188,Group1
244,1187,Group1
245,1181,Group1
246,1178,Group1
247,1172,Group1
248,1172,Group1
249,1168,Group1
250,1166,Group1
251,1163,Group1
252,1160,Group1
253,1156,Group1
254,1141,Group1
255,1140,Group1
256,1138,Group1
257,1129,Group1
258,1122,Group1
259,1121,Group1
260,1115,Group1
261,1113,Group1
262,1109,Group1
263,1096,Group1
264,1090,Group1
265,1090,Group1
266,1083,Group1
267,1078,Group1
268,1077,Group1
269,1075,Group1
270,1065,Group1
271,1059,Group1
272,1058,Group1
273,1057,Group1
274,1050,Group1
275,1050,Group1
276,1050,Group1
277,1043,Group1
278,1039,Group1
279,1037,Group1
280,1030,Group1
281,1027,Group1
282,1021,Group1
283,1012,Group1
284,1012,Group1
285,1003,Group1
286,1000,Group1
287,993,Group1
288,982,Group1
289,981,Group1
290,981,Group1
291,978,Group1
292,976,Group1
293,964,Group1
294,947,Group1
295,945,Group1
296,945,Group1
297,945,Group1
298,945,Group1
299,945,Group1
300,944,Group1
301,942,Group1
302,942,Group1
303,940,Group1
304,933,Group1
305,932,Group1
306,923,Group1
307,922,Group1
308,922,Group1
309,916,Group1
310,915,Group1
311,915,Group1
312,912,Group1
313,911,Group1
314,907,Group1
315,905,Group1
316,902,Group1
317,901,Group1
318,890,Group1
319,888,Group1
320,886,Group1
321,885,Group1
322,883,Group1
323,883,Group1
324,881,Group1
325,881,Group1
326,876,Group1
327,875,Group1
328,873,Group1
329,871,Group1
330,858,Group1
331,858,Group1
332,852,Group1
333,852,Group1
334,850,Group1
335,848,Group1
336,847,Group1
337,844,Group1
338,844,Group1
339,844,Group1
340,842,Group1
341,842,Group1
342,837,Group1
343,833,Group1
344,828,Group1
345,827,Group1
346,822,Group1
347,818,Group1
348,817,Group1
349,814,Group1
350,812,Group1
351,812,Group1
352,811,Group1
353,809,Group1
354,804,Group1
355,804,Group1
356,802,Group1
357,799,Group1
358,798,Group1
359,796,Group1
360,794,Group1
361,792,Group1
362,790,Group1
363,788,Group1
364,788,Group1
365,787,Group1
366,786,Group1
367,778,Group1
368,778,Group1
369,777,Group1
370,774,Group1
371,774,Group1
372,773,Group1
373,770,Group1
374,769,Group1
375,766,Group1
376,763,Group1
377,762,Group1
378,759,Group1
379,759,Group1
380,758,Group1
381,757,Group1
382,754,Group1
383,754,Group1
384,751,Group1
385,749,Group1
386,747,Group1
387,745,Group1
388,737,Group1
389,737,Group1
390,732,Group1
391,732,Group1
392,730,Group1
393,724,Group1
394,724,Group1
395,723,Group1
396,722,Group1
397,721,Group1
398,721,Group1
399,718,Group1
400,716,Group1
401,714,Group1
402,710,Group1
403,705,Group1
404,702,Group1
405,700,Group1
406,697,Group1
407,695,Group1
408,695,Group1
409,692,Group1
410,689,Group1
411,687,Group1
412,687,Group1
413,685,Group1
414,684,Group1
415,683,Group1
416,680,Group1
417,679,Group1
418,676,Group1
419,676,Group1
420,676,Group1
421,675,Group1
422,673,Group1
423,666,Group1
424,662,Group1
425,659,Group1
426,659,Group1
427,657,Group1
428,656,Group1
429,653,Group1
430,652,Group1
431,647,Group1
432,646,Group1
433,645,Group1
434,645,Group1
435,645,Group1
436,644,Group1
437,641,Group1
438,640,Group1
439,640,Group1
440,640,Group1
441,639,Group1
442,635,Group1
443,635,Group1
444,631,Group1
445,628,Group1
446,626,Group1
447,624,Group1
448,624,Group1
449,624,Group1
450,621,Group1
451,619,Group1
452,611,Group1
453,604,Group1
454,604,Group1
455,604,Group1
456,600,Group1
457,598,Group1
458,597,Group1
459,593,Group1
460,589,Group1
461,589,Group1
462,586,Group1
463,584,Group1
464,583,Group1
465,582,Group1
466,580,Group1
467,578,Group1
468,578,Group1
469,577,Group1
470,577,Group1
471,576,Group1
472,576,Group1
473,575,Group1
474,573,Group1
475,568,Group1
476,567,Group1
477,565,Group1
478,560,Group1
479,560,Group1
480,559,Group1
481,554,Group1
482,552,Group1
483,549,Group1
484,549,Group1
485,547,Group1
486,545,Group1
487,544,Group1
488,542,Group1
489,541,Group1
490,541,Group1
491,540,Group1
492,540,Group1
493,540,Group1
494,540,Group1
495,540,Group1
496,535,Group1
497,532,Group1
498,531,Group1
499,531,Group1
500,529,Group1
501,529,Group1
502,528,Group1
503,527,Group1
504,523,Group1
505,521,Group1
506,519,Group1
507,519,Group1
508,517,Group1
509,517,Group1
510,517,Group1
511,515,Group1
512,514,Group1
513,512,Group1
514,510,Group1
515,508,Group1
516,505,Group1
517,504,Group1
518,504,Group1
519,503,Group1
520,503,Group1
521,502,Group1
522,502,Group1
523,499,Group1
524,499,Group1
525,498,Group1
526,498,Group1
527,498,Group1
528,497,Group1
529,497,Group1
530,497,Group1
531,491,Group1
532,491,Group1
533,491,Group1
534,490,Group1
535,489,Group1
536,485,Group1
537,483,Group1
538,482,Group1
539,480,Group1
540,478,Group1
541,478,Group1
542,477,Group1
543,477,Group1
544,477,Group1
545,475,Group1
546,475,Group1
547,475,Group1
548,474,Group1
549,474,Group1
550,473,Group1
551,472,Group1
552,470,Group1
553,466,Group1
554,465,Group1
555,464,Group1
556,462,Group1
557,461,Group1
558,460,Group1
559,460,Group1
560,460,Group1
561,459,Group1
562,459,Group1
563,457,Group1
564,457,Group1
565,456,Group1
566,455,Group1
567,454,Group1
568,453,Group1
569,452,Group1
570,450,Group1
571,448,Group1
572,446,Group1
573,446,Group1
574,445,Group1
575,444,Group1
576,443,Group1
577,443,Group1
578,443,Group1
579,442,Group1
580,442,Group1
581,440,Group1
582,439,Group1
583,439,Group1
584,438,Group1
585,437,Group1
586,436,Group1
587,436,Group1
588,435,Group1
589,433,Group1
590,428,Group1
591,426,Group1
592,425,Group1
593,425,Group1
594,425,Group1
595,425,Group1
596,425,Group1
597,424,Group1
598,424,Group1
599,423,Group1
600,423,Group1
601,422,Group1
602,422,Group1
603,422,Group1
604,421,Group1
605,420,Group1
606,420,Group1
607,418,Group1
608,418,Group1
609,417,Group1
610,416,Group1
611,416,Group1
612,415,Group1
613,414,Group1
614,414,Group1
615,413,Group1
616,413,Group1
617,412,Group1
618,412,Group1
619,412,Group1
620,411,Group1
621,409,Group1
622,408,Group1
623,408,Group1
624,408,Group1
625,407,Group1
626,407,Group1
627,406,Group1
628,405,Group1
629,405,Group1
630,404,Group1
631,404,Group1
632,404,Group1
633,403,Group1
634,402,Group1
635,400,Group1
636,399,Group1
637,397,Group1
638,397,Group1
639,395,Group1
640,395,Group1
641,394,Group1
642,393,Group1
643,393,Group1
644,392,Group1
645,390,Group1
646,390,Group1
647,389,Group1
648,389,Group1
649,386,Group1
650,385,Group1
651,384,Group1
652,382,Group1
653,382,Group1
654,381,Group1
655,378,Group1
656,376,Group1
657,375,Group1
658,375,Group1
659,373,Group1
660,373,Group1
661,372,Group1
662,372,Group1
663,370,Group1
664,370,Group1
665,369,Group1
666,368,Group1
667,367,Group1
668,367,Group1
669,367,Group1
670,366,Group1
671,366,Group1
672,362,Group1
673,361,Group1
674,360,Group1
675,359,Group1
676,359,Group1
677,358,Group1
678,355,Group1
679,353,Group1
680,353,Group1
681,353,Group1
682,352,Group1
683,350,Group1
684,350,Group1
685,350,Group1
686,349,Group1
687,348,Group1
688,348,Group1
689,348,Group1
690,348,Group1
691,347,Group1
692,346,Group1
693,346,Group1
694,345,Group1
695,345,Group1
696,344,Group1
697,342,Group1
698,340,Group1
699,339,Group1
700,337,Group1
701,336,Group1
702,333,Group1
703,331,Group1
704,331,Group1
705,329,Group1
706,329,Group1
707,328,Group1
708,326,Group1
709,326,Group1
710,325,Group1
711,324,Group1
712,323,Group1
713,323,Group1
714,323,Group1
715,323,Group1
716,322,Group1
717,322,Group1
718,322,Group1
719,321,Group1
720,321,Group1
721,321,Group1
722,320,Group1
723,319,Group1
724,319,Group1
725,319,Group1
726,318,Group1
727,318,Group1
728,317,Group1
729,317,Group1
730,317,Group1
731,317,Group1
732,316,Group1
733,316,Group1
734,316,Group1
735,316,Group1
736,315,Group1
737,314,Group1
738,314,Group1
739,313,Group1
740,313,Group1
741,313,Group1
742,312,Group1
743,312,Group1
744,311,Group1
745,311,Group1
746,310,Group1
747,310,Group1
748,310,Group1
749,309,Group1
750,308,Group1
751,308,Group1
752,307,Group1
753,307,Group1
754,307,Group1
755,306,Group1
756,305,Group1
757,305,Group1
758,305,Group1
759,304,Group1
760,304,Group1
761,303,Group1
762,303,Group1
763,303,Group1
764,302,Group1
765,302,Group1
766,301,Group1
767,301,Group1
768,301,Group1
769,301,Group1
770,299,Group1
771,299,Group1
772,299,Group1
773,299,Group1
774,299,Group1
775,298,Group1
776,297,Group1
777,296,Group1
778,296,Group1
779,295,Group1
780,294,Group1
781,294,Group1
782,294,Group1
783,293,Group1
784,293,Group1
785,293,Group1
786,293,Group1
787,292,Group1
788,292,Group1
789,292,Group1
790,291,Group1
791,291,Group1
792,291,Group1
793,291,Group1
794,290,Group1
795,290,Group1
796,290,Group1
797,288,Group1
798,288,Group1
799,287,Group1
800,287,Group1
801,286,Group1
802,286,Group1
803,285,Group1
804,284,Group1
805,284,Group1
806,284,Group1
807,283,Group1
808,282,Group1
809,282,Group1
810,281,Group1
811,279,Group1
812,278,Group1
813,278,Group1
814,278,Group1
815,278,Group1
816,278,Group1
817,277,Group1
818,277,Group1
819,277,Group1
820,276,Group1
821,276,Group1
822,276,Group1
823,275,Group1
824,274,Group1
825,274,Group1
826,274,Group1
827,273,Group1
828,272,Group1
829,271,Group1
830,270,Group1
831,269,Group1
832,267,Group1
833,267,Group1
834,267,Group1
835,266,Group1
836,266,Group1
837,266,Group1
838,266,Group1
839,264,Group1
840,263,Group1
841,262,Group1
842,261,Group1
843,261,Group1
844,261,Group1
845,260,Group1
846,258,Group1
847,256,Group1
848,256,Group1
849,256,Group1
850,255,Group1
851,254,Group1
852,254,Group1
853,253,Group1
854,253,Group1
855,253,Group1
856,252,Group1
857,252,Group1
858,251,Group1
859,251,Group1
860,250,Group1
861,250,Group1
862,250,Group1
863,249,Group1
864,249,Group1
865,249,Group1
866,249,Group1
867,247,Group1
868,246,Group1
869,246,Group1
870,245,Group1
871,245,Group1
872,245,Group1
873,245,Group1
874,245,Group1
875,244,Group1
876,244,Group1
877,244,Group1
878,243,Group1
879,242,Group1
880,242,Group1
881,242,Group1
882,241,Group1
883,241,Group1
884,240,Group1
885,239,Group1
886,239,Group1
887,238,Group1
888,238,Group1
889,237,Group1
890,236,Group1
891,235,Group1
892,235,Group1
893,235,Group1
894,234,Group1
895,234,Group1
896,234,Group1
897,234,Group1
898,233,Group1
899,232,Group1
900,232,Group1
901,231,Group1
902,231,Group1
903,229,Group1
904,229,Group1
905,229,Group1
906,228,Group1
907,228,Group1
908,228,Group1
909,227,Group1
910,227,Group1
911,227,Group1
912,226,Group1
913,226,Group1
914,224,Group1
915,223,Group1
916,223,Group1
917,222,Group1
918,221,Group1
919,220,Group1
920,219,Group1
921,219,Group1
922,218,Group1
923,218,Group1
924,217,Group1
925,216,Group1
926,216,Group1
927,216,Group1
928,216,Group1
929,216,Group1
930,215,Group1
931,215,Group1
932,215,Group1
933,215,Group1
934,215,Group1
935,215,Group1
936,214,Group1
937,213,Group1
938,212,Group1
939,212,Group1
940,212,Group1
941,211,Group1
942,211,Group1
943,210,Group1
944,210,Group1
945,209,Group1
946,209,Group1
947,208,Group1
948,207,Group1
949,206,Group1
950,206,Group1
951,206,Group1
952,206,Group1
953,205,Group1
954,205,Group1
955,205,Group1
956,204,Group1
957,204,Group1
958,204,Group1
959,203,Group1
960,201,Group1
961,201,Group1
962,201,Group1
963,200,Group1
964,200,Group1
965,199,Group1
966,198,Group1
967,197,Group1
968,197,Group1
969,196,Group1
970,196,Group1
971,196,Group1
972,196,Group1
973,196,Group1
974,196,Group1
975,195,Group1
976,195,Group1
977,195,Group1
978,194,Group1
979,194,Group1
980,194,Group1
981,194,Group1
982,193,Group1
983,193,Group1
984,193,Group1
985,193,Group1
986,193,Group1
987,193,Group1
988,192,Group1
989,192,Group1
990,192,Group1
991,192,Group1
992,191,Group1
993,191,Group1
994,191,Group1
995,190,Group1
996,190,Group1
997,190,Group1
998,190,Group1
999,189,Group1
1000,188,Group1
1001,188,Group1
1002,188,Group1
1003,188,Group1
1004,188,Group1
1005,187,Group1
1006,187,Group1
1007,187,Group1
1008,187,Group1
1009,187,Group1
1010,186,Group1
1011,185,Group1
1012,185,Group1
1013,185,Group1
1014,185,Group1
1015,184,Group1
1016,182,Group1
1017,182,Group1
1018,182,Group1
1019,182,Group1
1020,181,Group1
1021,181,Group1
1022,181,Group1
1023,181,Group1
1024,181,Group1
1025,181,Group1
1026,180,Group1
1027,179,Group1
1028,179,Group1
1029,179,Group1
1030,179,Group1
1031,179,Group1
1032,178,Group1
1033,178,Group1
1034,177,Group1
1035,177,Group1
1036,176,Group1
1037,176,Group1
1038,176,Group1
1039,174,Group1
1040,173,Group1
1041,173,Group1
1042,172,Group1
1043,171,Group1
1044,171,Group1
1045,171,Group1
1046,171,Group1
1047,170,Group1
1048,170,Group1
1049,170,Group1
1050,170,Group1
1051,170,Group1
1052,170,Group1
1053,170,Group1
1054,169,Group1
1055,169,Group1
1056,169,Group1
1057,169,Group1
1058,169,Group1
1059,169,Group1
1060,168,Group1
1061,168,Group1
1062,167,Group1
1063,166,Group1
1064,166,Group1
1065,166,Group1
1066,166,Group1
1067,166,Group1
1068,166,Group1
1069,166,Group1
1070,165,Group1
1071,165,Group1
1072,165,Group1
1073,163,Group1
1074,163,Group1
1075,163,Group1
1076,162,Group1
1077,162,Group1
1078,161,Group1
1079,161,Group1
1080,161,Group1
1081,161,Group1
1082,160,Group1
1083,160,Group1
1084,159,Group1
1085,159,Group1
1086,158,Group1
1087,158,Group1
1088,158,Group1
1089,158,Group1
1090,157,Group1
1091,157,Group1
1092,157,Group1
1093,157,Group1
1094,157,Group1
1095,157,Group1
1096,156,Group1
1097,156,Group1
1098,156,Group1
1099,156,Group1
1100,155,Group1
1101,155,Group1
1102,155,Group1
1103,154,Group1
1104,154,Group1
1105,154,Group1
1106,153,Group1
1107,153,Group1
1108,153,Group1
1109,153,Group1
1110,153,Group1
1111,152,Group1
1112,152,Group1
1113,152,Group1
1114,152,Group1
1115,152,Group1
1116,151,Group1
1117,151,Group1
1118,151,Group1
1119,150,Group1
1120,150,Group1
1121,150,Group1
1122,149,Group1
1123,149,Group1
1124,149,Group1
1125,148,Group1
1126,148,Group1
1127,148,Group1
1128,148,Group1
1129,148,Group1
1130,147,Group1
1131,147,Group1
1132,147,Group1
1133,147,Group1
1134,147,Group1
1135,147,Group1
1136,146,Group1
1137,146,Group1
1138,145,Group1
1139,145,Group1
1140,145,Group1
1141,145,Group1
1142,145,Group1
1143,145,Group1
1144,144,Group1
1145,144,Group1
1146,144,Group1
1147,144,Group1
1148,143,Group1
1149,143,Group1
1150,143,Group1
1151,143,Group1
1152,143,Group1
1153,142,Group1
1154,142,Group1
1155,142,Group1
1156,141,Group1
1157,141,Group1
1158,141,Group1
1159,141,Group1
1160,140,Group1
1161,140,Group1
1162,140,Group1
1163,139,Group1
1164,139,Group1
1165,139,Group1
1166,139,Group1
1167,137,Group1
1168,137,Group1
1169,137,Group1
1170,137,Group1
1171,137,Group1
1172,135,Group1
1173,135,Group1
1174,135,Group1
1175,134,Group1
1176,134,Group1
1177,134,Group1
1178,133,Group1
1179,133,Group1
1180,132,Group1
1181,132,Group1
1182,132,Group1
1183,132,Group1
1184,132,Group1
1185,132,Group1
1186,132,Group1
1187,132,Group1
1188,132,Group1
1189,131,Group1
1190,131,Group1
1191,131,Group1
1192,131,Group1
1193,131,Group1
1194,130,Group1
1195,130,Group1
1196,130,Group1
1197,130,Group1
1198,130,Group1
1199,130,Group1
1200,130,Group1
1201,130,Group1
1202,129,Group1
1203,129,Group1
1204,129,Group1
1205,129,Group1
1206,129,Group1
1207,129,Group1
1208,128,Group1
1209,128,Group1
1210,128,Group1
1211,128,Group1
1212,128,Group1
1213,127,Group1
1214,127,Group1
1215,126,Group1
1216,126,Group1
1217,126,Group1
1218,126,Group1
1219,125,Group1
1220,125,Group1
1221,125,Group1
1222,124,Group1
1223,124,Group1
1224,124,Group1
1225,124,Group1
1226,124,Group1
1227,124,Group1
1228,123,Group1
1229,123,Group1
1230,123,Group1
1231,122,Group1
1232,122,Group1
1233,122,Group1
1234,122,Group1
1235,122,Group1
1236,121,Group1
1237,121,Group1
1238,121,Group1
1239,121,Group1
1240,120,Group1
1241,120,Group1
1242,120,Group1
1243,120,Group1
1244,120,Group1
1245,120,Group1
1246,120,Group1
1247,120,Group1
1248,119,Group1
1249,119,Group1
1250,119,Group1
1251,119,Group1
1252,119,Group1
1253,119,Group1
1254,118,Group1
1255,118,Group1
1256,118,Group1
1257,118,Group1
1258,117,Group1
1259,117,Group1
1260,117,Group1
1261,117,Group1
1262,117,Group1
1263,117,Group1
1264,116,Group1
1265,116,Group1
1266,116,Group1
1267,116,Group1
1268,116,Group1
1269,115,Group1
1270,115,Group1
1271,115,Group1
1272,115,Group1
1273,114,Group1
1274,114,Group1
1275,114,Group1
1276,114,Group1
1277,114,Group1
1278,113,Group1
1279,113,Group1
1280,113,Group1
1281,112,Group1
1282,112,Group1
1283,112,Group1
1284,111,Group1
1285,111,Group1
1286,111,Group1
1287,111,Group1
1288,110,Group1
1289,110,Group1
1290,110,Group1
1291,110,Group1
1292,109,Group1
1293,109,Group1
1294,109,Group1
1295,109,Group1
1296,109,Group1
1297,109,Group1
1298,109,Group1
1299,108,Group1
1300,108,Group1
1301,108,Group1
1302,107,Group1
1303,107,Group1
1304,107,Group1
1305,107,Group1
1306,107,Group1
1307,107,Group1
1308,106,Group1
1309,106,Group1
1310,106,Group1
1311,105,Group1
1312,105,Group1
1313,105,Group1
1314,105,Group1
1315,104,Group1
1316,104,Group1
1317,104,Group1
1318,104,Group1
1319,104,Group1
1320,104,Group1
1321,104,Group1
1322,104,Group1
1323,103,Group1
1324,103,Group1
1325,103,Group1
1326,103,Group1
1327,103,Group1
1328,103,Group1
1329,103,Group1
1330,102,Group1
1331,102,Group1
1332,102,Group1
1333,102,Group1
1334,102,Group1
1335,101,Group1
1336,101,Group1
1337,101,Group1
1338,101,Group1
1339,101,Group1
1340,100,Group1
1341,100,Group1
1342,100,Group1
1343,100,Group1
1344,100,Group1
1345,100,Group1
1346,100,Group1
1347,99,Group1
1348,99,Group1
1349,99,Group1
1350,99,Group1
1351,99,Group1
1352,98,Group1
1353,98,Group1
1354,98,Group1
1355,98,Group1
1356,98,Group1
1357,98,Group1
1358,97,Group1
1359,97,Group1
1360,97,Group1
1361,97,Group1
1362,97,Group1
1363,97,Group1
1364,96,Group1
1365,96,Group1
1366,96,Group1
1367,96,Group1
1368,96,Group1
1369,95,Group1
1370,95,Group1
1371,95,Group1
1372,94,Group1
1373,94,Group1
1374,94,Group1
1375,94,Group1
1376,94,Group1
1377,94,Group1
1378,94,Group1
1379,94,Group1
1380,94,Group1
1381,93,Group1
1382,93,Group1
1383,93,Group1
1384,93,Group1
1385,93,Group1
1386,93,Group1
1387,93,Group1
1388,92,Group1
1389,92,Group1
1390,92,Group1
1391,91,Group1
1392,91,Group1
1393,91,Group1
1394,91,Group1
1395,91,Group1
1396,90,Group1
1397,90,Group1
1398,90,Group1
1399,90,Group1
1400,89,Group1
1401,89,Group1
1402,89,Group1
1403,89,Group1
1404,89,Group1
1405,89,Group1
1406,89,Group1
1407,88,Group1
1408,88,Group1
1409,88,Group1
1410,88,Group1
1411,88,Group1
1412,88,Group1
1413,88,Group1
1414,88,Group1
1415,87,Group1
1416,86,Group1
1417,86,Group1
1418,86,Group1
1419,86,Group1
1420,86,Group1
1421,86,Group1
1422,86,Group1
1423,85,Group1
1424,85,Group1
1425,85,Group1
1426,85,Group1
1427,85,Group1
1428,84,Group1
1429,84,Group1
1430,84,Group1
1431,84,Group1
1432,84,Group1
1433,84,Group1
1434,83,Group1
1435,83,Group1
1436,83,Group1
1437,83,Group1
1438,83,Group1
1439,83,Group1
1440,83,Group1
1441,83,Group1
1442,82,Group1
1443,82,Group1
1444,82,Group1
1445,82,Group1
1446,82,Group1
1447,82,Group1
1448,82,Group1
1449,81,Group1
1450,81,Group1
1451,81,Group1
1452,81,Group1
1453,81,Group1
1454,81,Group1
1455,81,Group1
1456,80,Group1
1457,80,Group1
1458,80,Group1
1459,80,Group1
1460,80,Group1
1461,80,Group1
1462,80,Group1
1463,79,Group1
1464,79,Group1
1465,79,Group1
1466,79,Group1
1467,78,Group1
1468,78,Group1
1469,78,Group1
1470,78,Group1
1471,78,Group1
1472,78,Group1
1473,78,Group1
1474,78,Group1
1475,77,Group1
1476,77,Group1
1477,77,Group1
1478,77,Group1
1479,77,Group1
1480,77,Group1
1481,77,Group1
1482,77,Group1
1483,77,Group1
1484,76,Group1
1485,76,Group1
1486,76,Group1
1487,76,Group1
1488,75,Group1
1489,75,Group1
1490,75,Group1
1491,75,Group1
1492,75,Group1
1493,75,Group1
1494,75,Group1
1495,75,Group1
1496,74,Group1
1497,74,Group1
1498,74,Group1
1499,74,Group1
1500,73,Group1
1501,73,Group1
1502,73,Group1
1503,73,Group1
1504,73,Group1
1505,73,Group1
1506,73,Group1
1507,73,Group1
1508,73,Group1
1509,73,Group1
1510,73,Group1
1511,72,Group1
1512,72,Group1
1513,72,Group1
1514,72,Group1
1515,72,Group1
1516,72,Group1
1517,72,Group1
1518,72,Group1
1519,72,Group1
1520,72,Group1
1521,71,Group1
1522,71,Group1
1523,71,Group1
1524,71,Group1
1525,71,Group1
1526,71,Group1
1527,71,Group1
1528,71,Group1
1529,70,Group1
1530,70,Group1
1531,70,Group1
1532,70,Group1
1533,70,Group1
1534,70,Group1
1535,70,Group1
1536,70,Group1
1537,70,Group1
1538,70,Group1
1539,70,Group1
1540,70,Group1
1541,69,Group1
1542,69,Group1
1543,69,Group1
1544,69,Group1
1545,69,Group1
1546,69,Group1
1547,68,Group1
1548,68,Group1
1549,68,Group1
1550,68,Group1
1551,68,Group1
1552,68,Group1
1553,68,Group1
1554,68,Group1
1555,68,Group1
1556,68,Group1
1557,67,Group1
1558,67,Group1
1559,67,Group1
1560,67,Group1
1561,67,Group1
1562,67,Group1
1563,67,Group1
1564,67,Group1
1565,66,Group1
1566,66,Group1
1567,66,Group1
1568,66,Group1
1569,66,Group1
1570,66,Group1
1571,66,Group1
1572,65,Group1
1573,65,Group1
1574,65,Group1
1575,65,Group1
1576,65,Group1
1577,64,Group1
1578,64,Group1
1579,64,Group1
1580,64,Group1
1581,63,Group1
1582,63,Group1
1583,63,Group1
1584,63,Group1
1585,63,Group1
1586,63,Group1
1587,63,Group1
1588,62,Group1
1589,62,Group1
1590,62,Group1
1591,62,Group1
1592,62,Group1
1593,62,Group1
1594,62,Group1
1595,62,Group1
1596,62,Group1
1597,62,Group1
1598,62,Group1
1599,62,Group1
1600,62,Group1
1601,62,Group1
1602,62,Group1
1603,62,Group1
1604,61,Group1
1605,61,Group1
1606,61,Group1
1607,61,Group1
1608,61,Group1
1609,61,Group1
1610,61,Group1
1611,61,Group1
1612,61,Group1
1613,61,Group1
1614,61,Group1
1615,61,Group1
1616,61,Group1
1617,61,Group1
1618,61,Group1
38096,13817,Group2
38097,12871,Group2
38098,11370,Group2
38099,11172,Group2
38100,11019,Group2
38101,9630,Group2
38102,8439,Group2
38103,8001,Group2
38104,7619,Group2
38105,7520,Group2
38106,7267,Group2
38107,7045,Group2
38108,6866,Group2
38109,6700,Group2
38110,6638,Group2
38111,6605,Group2
38112,6601,Group2
38113,5741,Group2
38114,5623,Group2
38115,5611,Group2
38116,5403,Group2
38117,5287,Group2
38118,5096,Group2
38119,5076,Group2
38120,4886,Group2
38121,4760,Group2
38122,4484,Group2
38123,4475,Group2
38124,4381,Group2
38125,4367,Group2
38126,4236,Group2
38127,4080,Group2
38128,4029,Group2
38129,4017,Group2
38130,4007,Group2
38131,3957,Group2
38132,3842,Group2
38133,3696,Group2
38134,3566,Group2
38135,3558,Group2
38136,3382,Group2
38137,3364,Group2
38138,3236,Group2
38139,3187,Group2
38140,3180,Group2
38141,3041,Group2
38142,2986,Group2
38143,2922,Group2
38144,2892,Group2
38145,2872,Group2
38146,2837,Group2
38147,2618,Group2
38148,2613,Group2
38149,2601,Group2
38150,2580,Group2
38151,2574,Group2
38152,2568,Group2
38153,2483,Group2
38154,2478,Group2
38155,2477,Group2
38156,2446,Group2
38157,2404,Group2
38158,2404,Group2
38159,2311,Group2
38160,2290,Group2
38161,2285,Group2
38162,2282,Group2
38163,2281,Group2
38164,2275,Group2
38165,2254,Group2
38166,2230,Group2
38167,2155,Group2
38168,2120,Group2
38169,2115,Group2
38170,2084,Group2
38171,2079,Group2
38172,2043,Group2
38173,2024,Group2
38174,2017,Group2
38175,1963,Group2
38176,1951,Group2
38177,1928,Group2
38178,1910,Group2
38179,1904,Group2
38180,1900,Group2
38181,1898,Group2
38182,1876,Group2
38183,1858,Group2
38184,1858,Group2
38185,1852,Group2
38186,1743,Group2
38187,1732,Group2
38188,1723,Group2
38189,1715,Group2
38190,1690,Group2
38191,1664,Group2
38192,1650,Group2
38193,1650,Group2
38194,1615,Group2
38195,1595,Group2
38196,1586,Group2
38197,1567,Group2
38198,1543,Group2
38199,1542,Group2
38200,1532,Group2
38201,1517,Group2
38202,1517,Group2
38203,1498,Group2
38204,1454,Group2
38205,1449,Group2
38206,1445,Group2
38207,1444,Group2
38208,1434,Group2
38209,1433,Group2
38210,1413,Group2
38211,1412,Group2
38212,1387,Group2
38213,1379,Group2
38214,1373,Group2
38215,1357,Group2
38216,1356,Group2
38217,1352,Group2
38218,1344,Group2
38219,1343,Group2
38220,1324,Group2
38221,1317,Group2
38222,1309,Group2
38223,1300,Group2
38224,1272,Group2
38225,1261,Group2
38226,1260,Group2
38227,1243,Group2
38228,1243,Group2
38229,1221,Group2
38230,1217,Group2
38231,1196,Group2
38232,1165,Group2
38233,1151,Group2
38234,1143,Group2
38235,1128,Group2
38236,1115,Group2
38237,1105,Group2
38238,1102,Group2
38239,1082,Group2
38240,1081,Group2
38241,1081,Group2
38242,1078,Group2
38243,1077,Group2
38244,1074,Group2
38245,1071,Group2
38246,1067,Group2
38247,1062,Group2
38248,1061,Group2
38249,1051,Group2
38250,1049,Group2
38251,1047,Group2
38252,1041,Group2
38253,1041,Group2
38254,1041,Group2
38255,1040,Group2
38256,1034,Group2
38257,1028,Group2
38258,1025,Group2
38259,1019,Group2
38260,1015,Group2
38261,1013,Group2
38262,1010,Group2
38263,1006,Group2
38264,998,Group2
38265,997,Group2
38266,997,Group2
38267,994,Group2
38268,987,Group2
38269,986,Group2
38270,985,Group2
38271,983,Group2
38272,972,Group2
38273,955,Group2
38274,952,Group2
38275,949,Group2
38276,944,Group2
38277,937,Group2
38278,917,Group2
38279,914,Group2
38280,913,Group2
38281,893,Group2
38282,889,Group2
38283,884,Group2
38284,884,Group2
38285,882,Group2
38286,867,Group2
38287,865,Group2
38288,861,Group2
38289,860,Group2
38290,859,Group2
38291,856,Group2
38292,838,Group2
38293,835,Group2
38294,832,Group2
38295,831,Group2
38296,830,Group2
38297,829,Group2
38298,824,Group2
38299,822,Group2
38300,812,Group2
38301,806,Group2
38302,802,Group2
38303,798,Group2
38304,790,Group2
38305,788,Group2
38306,784,Group2
38307,782,Group2
38308,776,Group2
38309,775,Group2
38310,773,Group2
38311,772,Group2
38312,772,Group2
38313,771,Group2
38314,771,Group2
38315,765,Group2
38316,758,Group2
38317,757,Group2
38318,747,Group2
38319,747,Group2
38320,747,Group2
38321,745,Group2
38322,745,Group2
38323,739,Group2
38324,736,Group2
38325,732,Group2
38326,729,Group2
38327,725,Group2
38328,714,Group2
38329,705,Group2
38330,703,Group2
38331,699,Group2
38332,696,Group2
38333,695,Group2
38334,691,Group2
38335,690,Group2
38336,681,Group2
38337,680,Group2
38338,673,Group2
38339,672,Group2
38340,671,Group2
38341,670,Group2
38342,667,Group2
38343,666,Group2
38344,665,Group2
38345,664,Group2
38346,664,Group2
38347,664,Group2
38348,663,Group2
38349,660,Group2
38350,660,Group2
38351,656,Group2
38352,653,Group2
38353,651,Group2
38354,650,Group2
38355,648,Group2
38356,647,Group2
38357,646,Group2
38358,645,Group2
38359,638,Group2
38360,636,Group2
38361,634,Group2
38362,634,Group2
38363,634,Group2
38364,631,Group2
38365,631,Group2
38366,629,Group2
38367,627,Group2
38368,626,Group2
38369,626,Group2
38370,625,Group2
38371,623,Group2
38372,621,Group2
38373,620,Group2
38374,620,Group2
38375,620,Group2
38376,615,Group2
38377,614,Group2
38378,611,Group2
38379,609,Group2
38380,607,Group2
38381,606,Group2
38382,605,Group2
38383,605,Group2
38384,604,Group2
38385,604,Group2
38386,604,Group2
38387,603,Group2
38388,601,Group2
38389,599,Group2
38390,596,Group2
38391,595,Group2
38392,594,Group2
38393,594,Group2
38394,593,Group2
38395,593,Group2
38396,589,Group2
38397,586,Group2
38398,583,Group2
38399,582,Group2
38400,581,Group2
38401,577,Group2
38402,576,Group2
38403,574,Group2
38404,570,Group2
38405,568,Group2
38406,567,Group2
38407,565,Group2
38408,565,Group2
38409,562,Group2
38410,562,Group2
38411,560,Group2
38412,559,Group2
38413,556,Group2
38414,554,Group2
38415,552,Group2
38416,552,Group2
38417,550,Group2
38418,549,Group2
38419,549,Group2
38420,548,Group2
38421,546,Group2
38422,546,Group2
38423,544,Group2
38424,542,Group2
38425,540,Group2
38426,538,Group2
38427,537,Group2
38428,536,Group2
38429,531,Group2
38430,531,Group2
38431,529,Group2
38432,528,Group2
38433,523,Group2
38434,523,Group2
38435,522,Group2
38436,512,Group2
38437,511,Group2
38438,511,Group2
38439,511,Group2
38440,511,Group2
38441,509,Group2
38442,505,Group2
38443,505,Group2
38444,502,Group2
38445,502,Group2
38446,501,Group2
38447,501,Group2
38448,501,Group2
38449,500,Group2
38450,497,Group2
38451,496,Group2
38452,493,Group2
38453,491,Group2
38454,485,Group2
38455,485,Group2
38456,484,Group2
38457,483,Group2
38458,483,Group2
38459,483,Group2
38460,481,Group2
38461,478,Group2
38462,478,Group2
38463,476,Group2
38464,474,Group2
38465,474,Group2
38466,473,Group2
38467,472,Group2
38468,470,Group2
38469,469,Group2
38470,469,Group2
38471,468,Group2
38472,465,Group2
38473,465,Group2
38474,462,Group2
38475,462,Group2
38476,461,Group2
38477,461,Group2
38478,460,Group2
38479,459,Group2
38480,457,Group2
38481,455,Group2
38482,451,Group2
38483,450,Group2
38484,450,Group2
38485,450,Group2
38486,450,Group2
38487,450,Group2
38488,449,Group2
38489,448,Group2
38490,448,Group2
38491,447,Group2
38492,446,Group2
38493,446,Group2
38494,445,Group2
38495,442,Group2
38496,442,Group2
38497,442,Group2
38498,442,Group2
38499,439,Group2
38500,439,Group2
38501,438,Group2
38502,437,Group2
38503,437,Group2
38504,436,Group2
38505,435,Group2
38506,434,Group2
38507,431,Group2
38508,429,Group2
38509,428,Group2
38510,428,Group2
38511,428,Group2
38512,427,Group2
38513,426,Group2
38514,425,Group2
38515,424,Group2
38516,423,Group2
38517,421,Group2
38518,420,Group2
38519,419,Group2
38520,418,Group2
38521,417,Group2
38522,415,Group2
38523,412,Group2
38524,412,Group2
38525,411,Group2
38526,410,Group2
38527,410,Group2
38528,409,Group2
38529,409,Group2
38530,409,Group2
38531,407,Group2
38532,405,Group2
38533,404,Group2
38534,404,Group2
38535,398,Group2
38536,394,Group2
38537,394,Group2
38538,393,Group2
38539,392,Group2
38540,392,Group2
38541,391,Group2
38542,389,Group2
38543,389,Group2
38544,388,Group2
38545,388,Group2
38546,386,Group2
38547,386,Group2
38548,385,Group2
38549,384,Group2
38550,384,Group2
38551,384,Group2
38552,383,Group2
38553,383,Group2
38554,383,Group2
38555,381,Group2
38556,379,Group2
38557,379,Group2
38558,378,Group2
38559,377,Group2
38560,377,Group2
38561,377,Group2
38562,375,Group2
38563,375,Group2
38564,373,Group2
38565,372,Group2
38566,371,Group2
38567,370,Group2
38568,368,Group2
38569,367,Group2
38570,367,Group2
38571,367,Group2
38572,366,Group2
38573,365,Group2
38574,365,Group2
38575,365,Group2
38576,365,Group2
38577,364,Group2
38578,364,Group2
38579,363,Group2
38580,363,Group2
38581,362,Group2
38582,362,Group2
38583,361,Group2
38584,361,Group2
38585,357,Group2
38586,357,Group2
38587,355,Group2
38588,355,Group2
38589,354,Group2
38590,353,Group2
38591,350,Group2
38592,348,Group2
38593,348,Group2
38594,348,Group2
38595,347,Group2
38596,346,Group2
38597,346,Group2
38598,344,Group2
38599,342,Group2
38600,342,Group2
38601,341,Group2
38602,341,Group2
38603,338,Group2
38604,338,Group2
38605,336,Group2
38606,336,Group2
38607,335,Group2
38608,333,Group2
38609,331,Group2
38610,330,Group2
38611,330,Group2
38612,327,Group2
38613,327,Group2
38614,326,Group2
38615,326,Group2
38616,325,Group2
38617,324,Group2
38618,323,Group2
38619,323,Group2
38620,323,Group2
38621,323,Group2
38622,322,Group2
38623,322,Group2
38624,320,Group2
38625,319,Group2
38626,318,Group2
38627,317,Group2
38628,317,Group2
38629,316,Group2
38630,315,Group2
38631,315,Group2
38632,314,Group2
38633,314,Group2
38634,314,Group2
38635,314,Group2
38636,313,Group2
38637,312,Group2
38638,311,Group2
38639,311,Group2
38640,309,Group2
38641,309,Group2
38642,308,Group2
38643,308,Group2
38644,308,Group2
38645,306,Group2
38646,305,Group2
38647,304,Group2
38648,303,Group2
38649,303,Group2
38650,302,Group2
38651,301,Group2
38652,300,Group2
38653,299,Group2
38654,299,Group2
38655,298,Group2
38656,298,Group2
38657,294,Group2
38658,294,Group2
38659,293,Group2
38660,291,Group2
38661,290,Group2
38662,290,Group2
38663,290,Group2
38664,290,Group2
38665,289,Group2
38666,289,Group2
38667,289,Group2
38668,289,Group2
38669,287,Group2
38670,285,Group2
38671,285,Group2
38672,285,Group2
38673,285,Group2
38674,285,Group2
38675,285,Group2
38676,279,Group2
38677,278,Group2
38678,278,Group2
38679,278,Group2
38680,277,Group2
38681,277,Group2
38682,275,Group2
38683,275,Group2
38684,274,Group2
38685,273,Group2
38686,273,Group2
38687,273,Group2
38688,272,Group2
38689,271,Group2
38690,270,Group2
38691,270,Group2
38692,270,Group2
38693,270,Group2
38694,269,Group2
38695,268,Group2
38696,267,Group2
38697,267,Group2
38698,264,Group2
38699,264,Group2
38700,264,Group2
38701,263,Group2
38702,263,Group2
38703,263,Group2
38704,262,Group2
38705,262,Group2
38706,261,Group2
38707,261,Group2
38708,261,Group2
38709,260,Group2
38710,260,Group2
38711,260,Group2
38712,259,Group2
38713,258,Group2
38714,257,Group2
38715,257,Group2
38716,257,Group2
38717,257,Group2
38718,256,Group2
38719,255,Group2
38720,254,Group2
38721,254,Group2
38722,253,Group2
38723,253,Group2
38724,253,Group2
38725,252,Group2
38726,252,Group2
38727,252,Group2
38728,252,Group2
38729,251,Group2
38730,251,Group2
38731,251,Group2
38732,251,Group2
38733,249,Group2
38734,248,Group2
38735,248,Group2
38736,246,Group2
38737,246,Group2
38738,246,Group2
38739,245,Group2
38740,245,Group2
38741,245,Group2
38742,245,Group2
38743,244,Group2
38744,243,Group2
38745,243,Group2
38746,243,Group2
38747,242,Group2
38748,241,Group2
38749,241,Group2
38750,240,Group2
38751,240,Group2
38752,240,Group2
38753,239,Group2
38754,239,Group2
38755,239,Group2
38756,239,Group2
38757,239,Group2
38758,239,Group2
38759,238,Group2
38760,238,Group2
38761,237,Group2
38762,237,Group2
38763,237,Group2
38764,237,Group2
38765,236,Group2
38766,236,Group2
38767,236,Group2
38768,236,Group2
38769,236,Group2
38770,236,Group2
38771,236,Group2
38772,235,Group2
38773,234,Group2
38774,234,Group2
38775,233,Group2
38776,232,Group2
38777,232,Group2
38778,231,Group2
38779,230,Group2
38780,230,Group2
38781,230,Group2
38782,229,Group2
38783,229,Group2
38784,229,Group2
38785,229,Group2
38786,228,Group2
38787,228,Group2
38788,228,Group2
38789,227,Group2
38790,226,Group2
38791,226,Group2
38792,225,Group2
38793,225,Group2
38794,224,Group2
38795,223,Group2
38796,223,Group2
38797,222,Group2
38798,222,Group2
38799,221,Group2
38800,221,Group2
38801,221,Group2
38802,220,Group2
38803,220,Group2
38804,220,Group2
38805,220,Group2
38806,220,Group2
38807,219,Group2
38808,219,Group2
38809,219,Group2
38810,219,Group2
38811,218,Group2
38812,218,Group2
38813,218,Group2
38814,217,Group2
38815,217,Group2
38816,217,Group2
38817,216,Group2
38818,216,Group2
38819,216,Group2
38820,216,Group2
38821,215,Group2
38822,215,Group2
38823,215,Group2
38824,214,Group2
38825,214,Group2
38826,214,Group2
38827,214,Group2
38828,214,Group2
38829,213,Group2
38830,213,Group2
38831,212,Group2
38832,212,Group2
38833,211,Group2
38834,210,Group2
38835,210,Group2
38836,209,Group2
38837,209,Group2
38838,209,Group2
38839,209,Group2
38840,209,Group2
38841,208,Group2
38842,208,Group2
38843,208,Group2
38844,208,Group2
38845,207,Group2
38846,207,Group2
38847,207,Group2
38848,206,Group2
38849,206,Group2
38850,206,Group2
38851,205,Group2
38852,204,Group2
38853,204,Group2
38854,204,Group2
38855,203,Group2
38856,203,Group2
38857,203,Group2
38858,202,Group2
38859,202,Group2
38860,202,Group2
38861,202,Group2
38862,202,Group2
38863,201,Group2
38864,201,Group2
38865,200,Group2
38866,200,Group2
38867,200,Group2
38868,200,Group2
38869,199,Group2
38870,199,Group2
38871,199,Group2
38872,199,Group2
38873,199,Group2
38874,198,Group2
38875,197,Group2
38876,197,Group2
38877,196,Group2
38878,196,Group2
38879,195,Group2
38880,195,Group2
38881,195,Group2
38882,194,Group2
38883,194,Group2
38884,194,Group2
38885,193,Group2
38886,192,Group2
38887,191,Group2
38888,191,Group2
38889,191,Group2
38890,190,Group2
38891,190,Group2
38892,190,Group2
38893,190,Group2
38894,190,Group2
38895,190,Group2
38896,190,Group2
38897,189,Group2
38898,189,Group2
38899,188,Group2
38900,188,Group2
38901,188,Group2
38902,188,Group2
38903,188,Group2
38904,188,Group2
38905,187,Group2
38906,187,Group2
38907,187,Group2
38908,186,Group2
38909,186,Group2
38910,186,Group2
38911,186,Group2
38912,186,Group2
38913,186,Group2
38914,186,Group2
38915,186,Group2
38916,185,Group2
38917,185,Group2
38918,185,Group2
38919,184,Group2
38920,184,Group2
38921,184,Group2
38922,184,Group2
38923,183,Group2
38924,183,Group2
38925,183,Group2
38926,182,Group2
38927,182,Group2
38928,182,Group2
38929,181,Group2
38930,181,Group2
38931,180,Group2
38932,180,Group2
38933,179,Group2
38934,179,Group2
38935,179,Group2
38936,178,Group2
38937,178,Group2
38938,178,Group2
38939,178,Group2
38940,178,Group2
38941,178,Group2
38942,177,Group2
38943,177,Group2
38944,177,Group2
38945,176,Group2
38946,176,Group2
38947,176,Group2
38948,176,Group2
38949,175,Group2
38950,175,Group2
38951,175,Group2
38952,174,Group2
38953,174,Group2
38954,173,Group2
38955,173,Group2
38956,173,Group2
38957,173,Group2
38958,173,Group2
38959,172,Group2
38960,171,Group2
38961,171,Group2
38962,171,Group2
38963,170,Group2
38964,170,Group2
38965,169,Group2
38966,169,Group2
38967,169,Group2
38968,169,Group2
38969,168,Group2
38970,168,Group2
38971,168,Group2
38972,168,Group2
38973,168,Group2
38974,168,Group2
38975,167,Group2
38976,167,Group2
38977,167,Group2
38978,167,Group2
38979,167,Group2
38980,167,Group2
38981,167,Group2
38982,167,Group2
38983,167,Group2
38984,167,Group2
38985,167,Group2
38986,166,Group2
38987,166,Group2
38988,166,Group2
38989,166,Group2
38990,165,Group2
38991,165,Group2
38992,165,Group2
38993,165,Group2
38994,165,Group2
38995,164,Group2
38996,164,Group2
38997,164,Group2
38998,164,Group2
38999,164,Group2
39000,164,Group2
39001,164,Group2
39002,164,Group2
39003,164,Group2
39004,163,Group2
39005,163,Group2
39006,163,Group2
39007,163,Group2
39008,163,Group2
39009,163,Group2
39010,162,Group2
39011,162,Group2
39012,162,Group2
39013,162,Group2
39014,161,Group2
39015,161,Group2
39016,161,Group2
39017,160,Group2
39018,159,Group2
39019,159,Group2
39020,159,Group2
39021,159,Group2
39022,159,Group2
39023,158,Group2
39024,158,Group2
39025,157,Group2
39026,156,Group2
39027,156,Group2
39028,156,Group2
39029,156,Group2
39030,156,Group2
39031,155,Group2
39032,155,Group2
39033,155,Group2
39034,155,Group2
39035,154,Group2
39036,154,Group2
39037,154,Group2
39038,154,Group2
39039,154,Group2
39040,153,Group2
39041,153,Group2
39042,152,Group2
39043,152,Group2
39044,151,Group2
39045,151,Group2
39046,150,Group2
39047,150,Group2
39048,150,Group2
39049,150,Group2
39050,150,Group2
39051,150,Group2
39052,149,Group2
39053,149,Group2
39054,149,Group2
39055,148,Group2
39056,148,Group2
39057,148,Group2
39058,148,Group2
39059,148,Group2
39060,147,Group2
39061,147,Group2
39062,146,Group2
39063,146,Group2
39064,146,Group2
39065,146,Group2
39066,146,Group2
39067,145,Group2
39068,145,Group2
39069,144,Group2
39070,144,Group2
39071,144,Group2
39072,144,Group2
39073,143,Group2
39074,143,Group2
39075,143,Group2
39076,142,Group2
39077,142,Group2
39078,142,Group2
39079,142,Group2
39080,142,Group2
39081,142,Group2
39082,142,Group2
39083,141,Group2
39084,141,Group2
39085,141,Group2
39086,141,Group2
39087,140,Group2
39088,140,Group2
39089,140,Group2
39090,140,Group2
39091,140,Group2
39092,140,Group2
39093,140,Group2
39094,140,Group2
39095,139,Group2
39096,139,Group2
39097,139,Group2
39098,138,Group2
39099,138,Group2
39100,138,Group2
39101,138,Group2
39102,138,Group2
39103,137,Group2
39104,137,Group2
39105,136,Group2
39106,136,Group2
39107,136,Group2
39108,136,Group2
39109,136,Group2
39110,136,Group2
39111,135,Group2
39112,135,Group2
39113,135,Group2
39114,135,Group2
39115,135,Group2
39116,134,Group2
39117,134,Group2
39118,134,Group2
39119,134,Group2
39120,134,Group2
39121,133,Group2
39122,133,Group2
39123,133,Group2
39124,133,Group2
39125,132,Group2
39126,132,Group2
39127,132,Group2
39128,132,Group2
39129,132,Group2
39130,132,Group2
39131,131,Group2
39132,131,Group2
39133,131,Group2
39134,131,Group2
39135,131,Group2
39136,131,Group2
39137,131,Group2
39138,130,Group2
39139,130,Group2
39140,130,Group2
39141,129,Group2
39142,129,Group2
39143,129,Group2
39144,129,Group2
39145,129,Group2
39146,129,Group2
39147,129,Group2
39148,129,Group2
39149,128,Group2
39150,128,Group2
39151,128,Group2
39152,128,Group2
39153,128,Group2
39154,127,Group2
39155,127,Group2
39156,127,Group2
39157,127,Group2
39158,126,Group2
39159,126,Group2
39160,126,Group2
39161,126,Group2
39162,125,Group2
39163,125,Group2
39164,125,Group2
39165,125,Group2
39166,125,Group2
39167,125,Group2
39168,125,Group2
39169,124,Group2
39170,124,Group2
39171,124,Group2
39172,124,Group2
39173,123,Group2
39174,123,Group2
39175,123,Group2
39176,123,Group2
39177,123,Group2
39178,123,Group2
39179,123,Group2
39180,123,Group2
39181,123,Group2
39182,122,Group2
39183,122,Group2
39184,122,Group2
39185,122,Group2
39186,122,Group2
39187,122,Group2
39188,121,Group2
39189,121,Group2
39190,121,Group2
39191,121,Group2
39192,120,Group2
39193,120,Group2
39194,120,Group2
39195,120,Group2
39196,120,Group2
39197,120,Group2
39198,119,Group2
39199,119,Group2
39200,119,Group2
39201,119,Group2
39202,119,Group2
39203,119,Group2
39204,119,Group2
39205,119,Group2
39206,118,Group2
39207,118,Group2
39208,118,Group2
39209,118,Group2
39210,118,Group2
39211,118,Group2
39212,117,Group2
39213,117,Group2
39214,117,Group2
39215,117,Group2
39216,116,Group2
39217,116,Group2
39218,116,Group2
39219,116,Group2
39220,115,Group2
39221,115,Group2
39222,115,Group2
39223,115,Group2
39224,115,Group2
39225,114,Group2
39226,114,Group2
39227,114,Group2
39228,114,Group2
39229,114,Group2
39230,114,Group2
39231,114,Group2
39232,113,Group2
39233,113,Group2
39234,113,Group2
39235,113,Group2
39236,113,Group2
39237,113,Group2
39238,112,Group2
39239,112,Group2
39240,112,Group2
39241,112,Group2
39242,112,Group2
39243,112,Group2
39244,112,Group2
39245,111,Group2
39246,111,Group2
39247,111,Group2
39248,111,Group2
39249,111,Group2
39250,111,Group2
39251,111,Group2
39252,111,Group2
39253,110,Group2
39254,110,Group2
39255,110,Group2
39256,110,Group2
39257,110,Group2
39258,110,Group2
39259,110,Group2
39260,110,Group2
39261,110,Group2
39262,110,Group2
39263,109,Group2
39264,109,Group2
39265,109,Group2
39266,109,Group2
39267,109,Group2
39268,109,Group2
39269,108,Group2
39270,108,Group2
39271,108,Group2
39272,108,Group2
39273,108,Group2
39274,107,Group2
39275,107,Group2
39276,107,Group2
39277,107,Group2
39278,107,Group2
39279,107,Group2
39280,107,Group2
39281,106,Group2
39282,106,Group2
39283,106,Group2
39284,106,Group2
39285,106,Group2
39286,106,Group2
39287,106,Group2
39288,106,Group2
39289,105,Group2
39290,105,Group2
39291,105,Group2
39292,105,Group2
39293,105,Group2
39294,105,Group2
39295,105,Group2
39296,105,Group2
39297,105,Group2
39298,105,Group2
39299,104,Group2
39300,104,Group2
39301,104,Group2
39302,104,Group2
39303,104,Group2
39304,104,Group2
39305,104,Group2
39306,104,Group2
39307,104,Group2
39308,104,Group2
39309,104,Group2
39310,104,Group2
39311,103,Group2
39312,103,Group2
39313,103,Group2
39314,103,Group2
39315,103,Group2
39316,103,Group2
39317,103,Group2
39318,103,Group2
39319,103,Group2
39320,103,Group2
39321,102,Group2
39322,102,Group2
39323,102,Group2
39324,102,Group2
39325,102,Group2
39326,101,Group2
39327,101,Group2
39328,101,Group2
39329,101,Group2
39330,101,Group2
39331,101,Group2
39332,101,Group2
39333,101,Group2
39334,101,Group2
39335,100,Group2
39336,100,Group2
39337,100,Group2
39338,100,Group2
39339,100,Group2
39340,100,Group2
39341,100,Group2
39342,100,Group2
39343,100,Group2
39344,100,Group2
39345,100,Group2
39346,99,Group2
39347,99,Group2
39348,99,Group2
39349,99,Group2
39350,99,Group2
39351,98,Group2
39352,98,Group2
39353,98,Group2
39354,98,Group2
39355,97,Group2
39356,97,Group2
39357,97,Group2
39358,97,Group2
39359,97,Group2
39360,97,Group2
39361,97,Group2
39362,97,Group2
39363,97,Group2
39364,97,Group2
39365,97,Group2
39366,96,Group2
39367,96,Group2
39368,96,Group2
39369,96,Group2
39370,96,Group2
39371,96,Group2
39372,95,Group2
39373,95,Group2
39374,95,Group2
39375,95,Group2
39376,95,Group2
39377,95,Group2
39378,94,Group2
39379,94,Group2
39380,94,Group2
39381,94,Group2
39382,94,Group2
39383,94,Group2
39384,94,Group2
39385,94,Group2
39386,94,Group2
39387,94,Group2
39388,94,Group2
39389,94,Group2
39390,94,Group2
39391,93,Group2
39392,93,Group2
39393,93,Group2
39394,93,Group2
39395,93,Group2
39396,93,Group2
39397,93,Group2
39398,93,Group2
39399,93,Group2
39400,93,Group2
39401,93,Group2
39402,93,Group2
39403,93,Group2
39404,92,Group2
39405,92,Group2
39406,92,Group2
39407,92,Group2
39408,92,Group2
39409,92,Group2
39410,92,Group2
39411,92,Group2
39412,92,Group2
39413,92,Group2
39414,92,Group2
39415,92,Group2
39416,91,Group2
39417,91,Group2
39418,91,Group2
39419,91,Group2
39420,91,Group2
39421,91,Group2
39422,90,Group2
39423,90,Group2
39424,90,Group2
39425,90,Group2
39426,90,Group2
39427,90,Group2
39428,89,Group2
39429,89,Group2
39430,89,Group2
39431,89,Group2
39432,89,Group2
39433,89,Group2
39434,89,Group2
39435,89,Group2
39436,89,Group2
39437,89,Group2
39438,89,Group2
39439,89,Group2
39440,89,Group2
39441,88,Group2
39442,88,Group2
39443,88,Group2
39444,88,Group2
39445,88,Group2
39446,88,Group2
39447,88,Group2
39448,88,Group2
39449,87,Group2
39450,87,Group2
39451,87,Group2
39452,87,Group2
39453,87,Group2
39454,87,Group2
39455,86,Group2
39456,86,Group2
39457,86,Group2
39458,86,Group2
39459,86,Group2
39460,86,Group2
39461,86,Group2
39462,86,Group2
39463,85,Group2
39464,85,Group2
39465,85,Group2
39466,85,Group2
39467,85,Group2
39468,85,Group2
39469,85,Group2
39470,85,Group2
39471,85,Group2
39472,85,Group2
39473,84,Group2
39474,84,Group2
39475,84,Group2
39476,84,Group2
39477,84,Group2
39478,83,Group2
39479,83,Group2
39480,83,Group2
39481,83,Group2
39482,83,Group2
39483,83,Group2
39484,83,Group2
39485,83,Group2
39486,83,Group2
39487,83,Group2
39488,83,Group2
39489,83,Group2
39490,83,Group2
39491,83,Group2
39492,82,Group2
39493,82,Group2
39494,82,Group2
39495,82,Group2
39496,82,Group2
39497,82,Group2
39498,82,Group2
39499,82,Group2
39500,82,Group2
39501,82,Group2
39502,82,Group2
39503,81,Group2
39504,81,Group2
39505,81,Group2
39506,81,Group2
39507,81,Group2
39508,81,Group2
39509,81,Group2
39510,81,Group2
39511,81,Group2
39512,81,Group2
39513,80,Group2
39514,80,Group2
39515,80,Group2
39516,80,Group2
39517,80,Group2
39518,80,Group2
39519,80,Group2
39520,79,Group2
39521,79,Group2
39522,79,Group2
39523,79,Group2
39524,79,Group2
39525,79,Group2
39526,79,Group2
39527,79,Group2
39528,79,Group2
39529,79,Group2
39530,79,Group2
39531,78,Group2
39532,78,Group2
39533,78,Group2
39534,78,Group2
39535,78,Group2
39536,78,Group2
39537,78,Group2
39538,78,Group2
39539,78,Group2
39540,78,Group2
39541,78,Group2
39542,78,Group2
39543,78,Group2
39544,78,Group2
39545,78,Group2
39546,77,Group2
39547,77,Group2
39548,77,Group2
39549,77,Group2
39550,77,Group2
39551,77,Group2
39552,77,Group2
39553,77,Group2
39554,77,Group2
39555,77,Group2
39556,77,Group2
39557,76,Group2
39558,76,Group2
39559,76,Group2
39560,76,Group2
39561,76,Group2
39562,76,Group2
39563,76,Group2
39564,76,Group2
39565,76,Group2
39566,76,Group2
39567,75,Group2
39568,75,Group2
39569,75,Group2
39570,75,Group2
39571,75,Group2
39572,75,Group2
39573,75,Group2
39574,75,Group2
39575,75,Group2
39576,75,Group2
39577,75,Group2
39578,75,Group2
39579,74,Group2
39580,74,Group2
39581,74,Group2
39582,74,Group2
39583,74,Group2
39584,74,Group2
39585,74,Group2
39586,74,Group2
39587,74,Group2
39588,74,Group2
39589,73,Group2
39590,73,Group2
39591,73,Group2
39592,73,Group2
39593,73,Group2
39594,73,Group2
39595,73,Group2
39596,73,Group2
39597,73,Group2
39598,73,Group2
39599,72,Group2
39600,72,Group2
39601,72,Group2
39602,72,Group2
39603,72,Group2
39604,72,Group2
39605,72,Group2
39606,72,Group2
39607,72,Group2
39608,71,Group2
39609,71,Group2
39610,71,Group2
39611,71,Group2
39612,71,Group2
39613,71,Group2
39614,71,Group2
39615,71,Group2
39616,71,Group2
39617,71,Group2
39618,71,Group2
39619,71,Group2
39620,71,Group2
39621,71,Group2
39622,71,Group2
39623,71,Group2
39624,71,Group2
39625,71,Group2
39626,71,Group2
39627,70,Group2
39628,70,Group2
39629,70,Group2
39630,70,Group2
39631,70,Group2
39632,70,Group2
39633,70,Group2
39634,70,Group2
39635,70,Group2
39636,70,Group2
39637,70,Group2
39638,70,Group2
39639,70,Group2
39640,70,Group2
39641,69,Group2
39642,69,Group2
39643,69,Group2
39644,69,Group2
39645,69,Group2
39646,69,Group2
39647,69,Group2
39648,69,Group2
39649,69,Group2
39650,69,Group2
39651,69,Group2
39652,69,Group2
39653,69,Group2
39654,69,Group2
39655,69,Group2
39656,68,Group2
39657,68,Group2
39658,68,Group2
39659,68,Group2
39660,68,Group2
39661,68,Group2
39662,68,Group2
39663,68,Group2
39664,68,Group2
39665,67,Group2
39666,67,Group2
39667,67,Group2
39668,67,Group2
39669,67,Group2
39670,67,Group2
39671,67,Group2
39672,67,Group2
39673,67,Group2
39674,67,Group2
39675,67,Group2
39676,67,Group2
39677,67,Group2
39678,67,Group2
39679,67,Group2
39680,67,Group2
39681,67,Group2
39682,66,Group2
39683,66,Group2
39684,66,Group2
39685,66,Group2
39686,66,Group2
39687,66,Group2
39688,66,Group2
39689,66,Group2
39690,66,Group2
39691,66,Group2
39692,65,Group2
39693,65,Group2
39694,65,Group2
39695,65,Group2
39696,65,Group2
39697,65,Group2
39698,65,Group2
39699,65,Group2
39700,65,Group2
39701,65,Group2
39702,65,Group2
39703,65,Group2
39704,65,Group2
39705,65,Group2
39706,64,Group2
39707,64,Group2
39708,64,Group2
39709,64,Group2
39710,64,Group2
39711,64,Group2
39712,64,Group2
39713,64,Group2
39714,64,Group2
39715,64,Group2
39716,64,Group2
39717,64,Group2
39718,64,Group2
39719,64,Group2
39720,64,Group2
39721,63,Group2
39722,63,Group2
39723,63,Group2
39724,63,Group2
39725,63,Group2
39726,63,Group2
39727,63,Group2
39728,63,Group2
39729,63,Group2
39730,63,Group2
39731,63,Group2
39732,63,Group2
39733,62,Group2
39734,62,Group2
39735,62,Group2
39736,62,Group2
39737,62,Group2
39738,62,Group2
39739,62,Group2
39740,62,Group2
39741,62,Group2
39742,62,Group2
39743,62,Group2
39744,62,Group2
39745,62,Group2
39746,62,Group2
39747,62,Group2
39748,62,Group2
39749,62,Group2
39750,62,Group2
39751,61,Group2
39752,61,Group2
39753,61,Group2
39754,61,Group2
39755,61,Group2
39756,61,Group2
39757,61,Group2
39758,61,Group2
39759,61,Group2
39760,61,Group2
39761,61,Group2
39762,61,Group2
39763,61,Group2
